{"North Europe":{"fat_100g":17481.19000000002,"proteins_100g":8660.189000000006,"carbohydrates_100g":33653.53999999997},"Central Europe":{"fat_100g":379416.13633299497,"proteins_100g":220865.52770000108,"carbohydrates_100g":794762.4798999903},"South Europe":{"fat_100g":33637.49930000003,"proteins_100g":15916.982000000007,"carbohydrates_100g":70907.07}}